{"lr": 0.004377016592347999, "batch_size": 32, "weight_decay": 9.283159747691601e-05, "dropout": 0.008413727391909709, "num_layers": 7}